DRACO_MALFOY: draco malfoy
QUIRRELL: quirrell
MADAM_MALKIN: madam malkin
MR._WEASLEY: MR._WEASLEY
DUDLEY: dudley
PERCY: percy
OLLIVANDERS: ollivanders
HARRY_POTTER: harry potter, harry, Mr. harry potter
FLITWICK: flitwick
NEVILLE: neville
FRED_WEASLEY: fred weasley, fred
MARGE: marge
MR._DURSLEY: MR._DURSLEY
SEAMUS_FINNIGAN: seamus finnigan, seamus
GOYLE: goyle
BANE: bane
WOOD: wood
MARCUS_FLINT: marcus flint
FANG: fang
OLLIVANDER: ollivander, Mr. ollivander
BILL: bill
SLYTHERIN: slytherin
NORRIS: norris, Mrs. norris
GRYFFINDORS: gryffindors
GEORGE_WEASLEY: george weasley, george
MRS._DURSLEY: MRS._DURSLEY
SLYTHERINS: slytherins
LONGBOTTOM: longbottom, Mr. longbottom
HAGRID: hagrid
DEAN: dean
MRS._POTTER: MRS._POTTER
RONAN: ronan
WEASLEY: weasley
GINNY: ginny
FIGG: figg, Mrs. figg
VOLDEMORT: voldemort
RON: ron
GRIPHOOK: griphook
SNAPE: snape
HUFFLEPUFF: hufflepuff
MADAM_HOOCH: madam hooch
HEDWIG: hedwig
HUFFLEPUFFS: hufflepuffs
DURSLEYS: dursleys
DEDALUS_DIGGLE: dedalus diggle
DURSLEY: dursley
YEH: yeh
POTTER: potter
NORBERT: norbert
WEASLEYS: weasleys
UNCLE_VERNON: uncle vernon
DUMBLEDORE: dumbledore
KNUTS: knuts
YES: yes
VERNON: vernon
GRINGOTTS: gringotts
MCGONAGALL: mcgonagall
ALBUS_DUMBLEDORE: albus dumbledore
RAVENCLAW: ravenclaw
OLIVER_WOOD: oliver wood
NICOLAS_FLAMEL: nicolas flamel, Mr. nicolas flamel
MR._POTTER: MR._POTTER
CRABBE: crabbe
MALFOY: malfoy, Mr. malfoy
MRS._WEASLEY: MRS._WEASLEY
LEE_JORDAN: lee jordan
FANGS: fangs
MADAM_POMFREY: madam pomfrey
LILY: lily
POTTERS: potters
FIRENZE: firenze
HERMIONE_GRANGER: hermione granger, hermione, granger
CHARLIE: charlie
